[{
  "_id": {
    "$oid": "65300fbdc0a592fd3d085852"
  },
  "name": "Black-Dark",
  "slug": "black-dark",
  "status": true,
  "code": "#000000",
  "__v": 0
},
{
  "_id": {
    "$oid": "65300fcec0a592fd3d085854"
  },
  "name": "Red",
  "slug": "red",
  "status": true,
  "code": "#f11e1e",
  "__v": 0
},
{
  "_id": {
    "$oid": "65300fdac0a592fd3d085856"
  },
  "name": "Yellow",
  "slug": "yellow",
  "status": true,
  "code": "#f4f80d",
  "__v": 0
},
{
  "_id": {
    "$oid": "65300fe8c0a592fd3d085858"
  },
  "name": "Dark",
  "slug": "dark",
  "status": true,
  "code": "#797272",
  "__v": 0
},
{
  "_id": {
    "$oid": "653550f771209047321af22a"
  },
  "name": "Pink",
  "slug": "pink",
  "status": true,
  "code": "#ffc0cb",
  "__v": 0
},
{
  "_id": {
    "$oid": "653601b771209047321af23c"
  },
  "name": "Green",
  "slug": "green",
  "status": true,
  "code": "#008000",
  "__v": 0
},
{
  "_id": {
    "$oid": "653601dd71209047321af23e"
  },
  "name": "Blue",
  "slug": "blue",
  "status": true,
  "code": "#0000ff",
  "__v": 0
}]