[{
  "_id": {
    "$oid": "652ffc4fc0a592fd3d085831"
  },
  "name": "Mac",
  "slug": "mac",
  "status": true,
  "image": "1697908627034maclaptop.jpg",
  "createdAt": {
    "$date": "2023-10-18T15:39:59.641Z"
  },
  "updatedAt": {
    "$date": "2023-10-21T17:44:50.748Z"
  },
  "__v": 0
},
{
  "_id": {
    "$oid": "652ffc77c0a592fd3d085833"
  },
  "name": "Ipad",
  "slug": "ipad",
  "status": true,
  "image": "1697991278426dose-media.jpg",
  "createdAt": {
    "$date": "2023-10-18T15:40:39.698Z"
  },
  "updatedAt": {
    "$date": "2023-10-22T16:14:31.176Z"
  },
  "__v": 0
},
{
  "_id": {
    "$oid": "652ffc9ec0a592fd3d085835"
  },
  "name": "iphone",
  "slug": "iphone",
  "status": true,
  "image": "1697909202957iphone15pro.png",
  "createdAt": {
    "$date": "2023-10-18T15:41:18.699Z"
  },
  "updatedAt": {
    "$date": "2023-10-22T09:49:05.211Z"
  },
  "__v": 0
},
{
  "_id": {
    "$oid": "652ffcc2c0a592fd3d085837"
  },
  "name": "Watch",
  "slug": "watch",
  "status": true,
  "image": "1697908931670ac_video_poster_960x540_2x.jpg",
  "createdAt": {
    "$date": "2023-10-18T15:41:54.508Z"
  },
  "updatedAt": {
    "$date": "2023-10-21T17:22:02.434Z"
  },
  "__v": 0
},
{
  "_id": {
    "$oid": "652ffce3c0a592fd3d085839"
  },
  "name": "Airpods",
  "slug": "airpods",
  "status": true,
  "image": "1697909113227ipad.jpeg",
  "createdAt": {
    "$date": "2023-10-18T15:42:27.977Z"
  },
  "updatedAt": {
    "$date": "2023-10-21T17:25:08.302Z"
  },
  "__v": 0
},
{
  "_id": {
    "$oid": "653286976220df249f3efa8f"
  },
  "name": "TV",
  "slug": "tv",
  "status": true,
  "image": "1697991306317TV2.jpg",
  "createdAt": {
    "$date": "2023-10-20T13:54:31.698Z"
  },
  "updatedAt": {
    "$date": "2023-10-22T16:15:02.462Z"
  },
  "__v": 0
},
{
  "_id": {
    "$oid": "65340545bc54fb72d5b37ba7"
  },
  "name": "Accessories",
  "slug": "accessories",
  "status": true,
  "image": "1697908045491maclaptop3.jpg",
  "createdAt": {
    "$date": "2023-10-21T17:07:17.266Z"
  },
  "updatedAt": {
    "$date": "2023-10-22T09:19:42.909Z"
  },
  "__v": 0
}]