[{
  "_id": {
    "$oid": "654885e4ee2e9f04284b2622"
  },
  "user_id": {
    "$oid": "65412ac0c5e59ffcd52c1811"
  },
  "pId": {
    "$oid": "65341831157c255f90da7f94"
  },
  "qty": 1,
  "createdAt": {
    "$date": "2023-11-06T06:21:24.711Z"
  },
  "updatedAt": {
    "$date": "2023-11-23T11:32:19.726Z"
  },
  "__v": 0
},
{
  "_id": {
    "$oid": "654885e4ee2e9f04284b2624"
  },
  "user_id": {
    "$oid": "65412ac0c5e59ffcd52c1811"
  },
  "pId": {
    "$oid": "65341af8157c255f90da7fa1"
  },
  "qty": 1,
  "createdAt": {
    "$date": "2023-11-06T06:21:24.723Z"
  },
  "updatedAt": {
    "$date": "2023-11-23T11:32:26.741Z"
  },
  "__v": 0
},
{
  "_id": {
    "$oid": "654a315f6badb4c5d446dd32"
  },
  "user_id": {
    "$oid": "65412ac0c5e59ffcd52c1811"
  },
  "pId": {
    "$oid": "65341c68157c255f90da7fb6"
  },
  "qty": 1,
  "createdAt": {
    "$date": "2023-11-07T12:45:19.181Z"
  },
  "updatedAt": {
    "$date": "2023-11-23T11:32:33.397Z"
  },
  "__v": 0
},
{
  "_id": {
    "$oid": "654a315f6badb4c5d446dd34"
  },
  "user_id": {
    "$oid": "65412ac0c5e59ffcd52c1811"
  },
  "pId": {
    "$oid": "653419bf157c255f90da7f98"
  },
  "qty": 1,
  "createdAt": {
    "$date": "2023-11-07T12:45:19.190Z"
  },
  "updatedAt": {
    "$date": "2023-11-23T11:32:24.600Z"
  },
  "__v": 0
},
{
  "_id": {
    "$oid": "654a315f6badb4c5d446dd36"
  },
  "user_id": {
    "$oid": "65412ac0c5e59ffcd52c1811"
  },
  "pId": {
    "$oid": "653419a0157c255f90da7f96"
  },
  "qty": 1,
  "createdAt": {
    "$date": "2023-11-07T12:45:19.194Z"
  },
  "updatedAt": {
    "$date": "2023-11-23T11:32:21.803Z"
  },
  "__v": 0
},
{
  "_id": {
    "$oid": "654f953ea87b2f924cb7681a"
  },
  "user_id": {
    "$oid": "65412ac0c5e59ffcd52c1811"
  },
  "pId": {
    "$oid": "65354d5f71209047321af1dc"
  },
  "qty": 1,
  "createdAt": {
    "$date": "2023-11-11T14:52:46.983Z"
  },
  "updatedAt": {
    "$date": "2023-11-23T11:32:40.516Z"
  },
  "__v": 0
},
{
  "_id": {
    "$oid": "654f9540a87b2f924cb7681d"
  },
  "user_id": {
    "$oid": "65412ac0c5e59ffcd52c1811"
  },
  "pId": {
    "$oid": "6536013b71209047321af235"
  },
  "qty": 1,
  "createdAt": {
    "$date": "2023-11-11T14:52:48.523Z"
  },
  "updatedAt": {
    "$date": "2023-11-23T11:32:09.551Z"
  },
  "__v": 0
},
{
  "_id": {
    "$oid": "654f9543a87b2f924cb76820"
  },
  "user_id": {
    "$oid": "65412ac0c5e59ffcd52c1811"
  },
  "pId": {
    "$oid": "65354d4571209047321af1da"
  },
  "qty": 1,
  "createdAt": {
    "$date": "2023-11-11T14:52:51.209Z"
  },
  "updatedAt": {
    "$date": "2023-11-23T11:32:16.042Z"
  },
  "__v": 0
},
{
  "_id": {
    "$oid": "655c3a2d422fc583ac7c5312"
  },
  "user_id": {
    "$oid": "65412ac0c5e59ffcd52c1811"
  },
  "pId": {
    "$oid": "65341e26157c255f90da7fc6"
  },
  "qty": 1,
  "createdAt": {
    "$date": "2023-11-21T05:03:41.501Z"
  },
  "updatedAt": {
    "$date": "2023-11-21T05:03:41.501Z"
  },
  "__v": 0
},
{
  "_id": {
    "$oid": "655c3a2d422fc583ac7c5316"
  },
  "user_id": {
    "$oid": "65412ac0c5e59ffcd52c1811"
  },
  "pId": {
    "$oid": "65341c1a157c255f90da7fb0"
  },
  "qty": 1,
  "createdAt": {
    "$date": "2023-11-21T05:03:41.517Z"
  },
  "updatedAt": {
    "$date": "2023-11-23T11:32:28.272Z"
  },
  "__v": 0
},
{
  "_id": {
    "$oid": "655f59dac9add1cfef9727ec"
  },
  "user_id": {
    "$oid": "655f59c6c9add1cfef9727e7"
  },
  "pId": {
    "$oid": "653419a0157c255f90da7f96"
  },
  "qty": 1,
  "createdAt": {
    "$date": "2023-11-23T13:55:38.869Z"
  },
  "updatedAt": {
    "$date": "2023-12-04T03:44:33.326Z"
  },
  "__v": 0
},
{
  "_id": {
    "$oid": "655f59dcc9add1cfef9727ef"
  },
  "user_id": {
    "$oid": "655f59c6c9add1cfef9727e7"
  },
  "pId": {
    "$oid": "653419bf157c255f90da7f98"
  },
  "qty": 1,
  "createdAt": {
    "$date": "2023-11-23T13:55:40.409Z"
  },
  "updatedAt": {
    "$date": "2023-12-04T03:44:34.811Z"
  },
  "__v": 0
},
{
  "_id": {
    "$oid": "655f59dec9add1cfef9727f2"
  },
  "user_id": {
    "$oid": "655f59c6c9add1cfef9727e7"
  },
  "pId": {
    "$oid": "65341af8157c255f90da7fa1"
  },
  "qty": 1,
  "createdAt": {
    "$date": "2023-11-23T13:55:42.770Z"
  },
  "updatedAt": {
    "$date": "2023-12-04T03:44:36.453Z"
  },
  "__v": 0
}]