[{
  "_id": {
    "$oid": "65341831157c255f90da7f94"
  },
  "name": "Apple Watch Series 9",
  "slug": "apple-watch-series-9",
  "category_id": {
    "$oid": "652ffcc2c0a592fd3d085837"
  },
  "color_id": {
    "$oid": "65300fe8c0a592fd3d085858"
  },
  "price": 15000,
  "discount": 5,
  "final": 14250,
  "status": true,
  "best_seller": false,
  "image": "1697965012912Apple Watch Series 9.jpeg",
  "createdAt": {
    "$date": "2023-10-21T18:28:01.726Z"
  },
  "updatedAt": {
    "$date": "2023-11-23T04:57:35.042Z"
  },
  "__v": 0
},
{
  "_id": {
    "$oid": "653419a0157c255f90da7f96"
  },
  "name": "Apple Watch SE",
  "slug": "apple-watch-se",
  "category_id": {
    "$oid": "652ffcc2c0a592fd3d085837"
  },
  "color_id": {
    "$oid": "65300fcec0a592fd3d085854"
  },
  "price": 12000,
  "discount": 2,
  "final": 11760,
  "status": true,
  "best_seller": false,
  "image": "1697913253769Apple Watch SE.jpeg",
  "createdAt": {
    "$date": "2023-10-21T18:34:08.669Z"
  },
  "updatedAt": {
    "$date": "2023-10-21T18:34:08.669Z"
  },
  "__v": 0
},
{
  "_id": {
    "$oid": "653419bf157c255f90da7f98"
  },
  "name": "Apple Watch Ultra 2",
  "slug": "apple-watch-ultra-2",
  "category_id": {
    "$oid": "652ffcc2c0a592fd3d085837"
  },
  "color_id": {
    "$oid": "65300fe8c0a592fd3d085858"
  },
  "price": 10000,
  "discount": 10,
  "final": 9000,
  "status": true,
  "best_seller": false,
  "image": "1697913284879Apple Watch Ultra 2.jpeg",
  "createdAt": {
    "$date": "2023-10-21T18:34:39.436Z"
  },
  "updatedAt": {
    "$date": "2023-10-21T18:34:39.436Z"
  },
  "__v": 0
},
{
  "_id": {
    "$oid": "65341af8157c255f90da7fa1"
  },
  "name": "iphone 15 pro",
  "slug": "iphone-15-pro",
  "category_id": {
    "$oid": "652ffc9ec0a592fd3d085835"
  },
  "color_id": {
    "$oid": "65300fe8c0a592fd3d085858"
  },
  "price": 150000,
  "discount": 2,
  "final": 147000,
  "status": true,
  "best_seller": false,
  "image": "1697913598825iphone-15-pro.jpeg",
  "createdAt": {
    "$date": "2023-10-21T18:39:52.928Z"
  },
  "updatedAt": {
    "$date": "2023-10-21T18:39:52.928Z"
  },
  "__v": 0
},
{
  "_id": {
    "$oid": "65341c1a157c255f90da7fb0"
  },
  "name": "iphone 15",
  "slug": "iphone-15",
  "category_id": {
    "$oid": "652ffc9ec0a592fd3d085835"
  },
  "color_id": {
    "$oid": "65300fe8c0a592fd3d085858"
  },
  "price": 123000,
  "discount": 2,
  "final": 120540,
  "status": true,
  "best_seller": false,
  "image": "1697913887184iphone-15-.jpeg",
  "createdAt": {
    "$date": "2023-10-21T18:44:42.758Z"
  },
  "updatedAt": {
    "$date": "2023-10-21T18:44:42.758Z"
  },
  "__v": 0
},
{
  "_id": {
    "$oid": "65341c68157c255f90da7fb6"
  },
  "name": "iphone 14",
  "slug": "iphone-14",
  "category_id": {
    "$oid": "652ffc9ec0a592fd3d085835"
  },
  "color_id": {
    "$oid": "65300fe8c0a592fd3d085858"
  },
  "price": 80000,
  "discount": 2,
  "final": 78400,
  "status": true,
  "best_seller": false,
  "image": "1697913966443iphone- 14.jpeg",
  "createdAt": {
    "$date": "2023-10-21T18:46:00.214Z"
  },
  "updatedAt": {
    "$date": "2023-10-21T18:46:00.214Z"
  },
  "__v": 0
},
{
  "_id": {
    "$oid": "65341e26157c255f90da7fc6"
  },
  "name": "MacBook Air 13",
  "slug": "macbook-air-13",
  "category_id": {
    "$oid": "652ffc4fc0a592fd3d085831"
  },
  "color_id": {
    "$oid": "65300fe8c0a592fd3d085858"
  },
  "price": 300000,
  "discount": 10,
  "final": 270000,
  "status": true,
  "best_seller": false,
  "image": "1697914412961MacBook Air 13.png",
  "createdAt": {
    "$date": "2023-10-21T18:53:26.370Z"
  },
  "updatedAt": {
    "$date": "2023-10-21T18:53:26.370Z"
  },
  "__v": 0
},
{
  "_id": {
    "$oid": "65341e44157c255f90da7fc8"
  },
  "name": "MacBook Air 13 Chip",
  "slug": "macbook-air-13-chip",
  "category_id": {
    "$oid": "652ffc4fc0a592fd3d085831"
  },
  "color_id": {
    "$oid": "65300fbdc0a592fd3d085852"
  },
  "price": 280000,
  "discount": 2,
  "final": 274400,
  "status": true,
  "best_seller": false,
  "image": "1697914442731MacBook Air 13 chip.png",
  "createdAt": {
    "$date": "2023-10-21T18:53:56.859Z"
  },
  "updatedAt": {
    "$date": "2023-10-21T18:53:56.859Z"
  },
  "__v": 0
},
{
  "_id": {
    "$oid": "65341e5a157c255f90da7fca"
  },
  "name": "MacBook Air 15",
  "slug": "macbook-air-15",
  "category_id": {
    "$oid": "652ffc4fc0a592fd3d085831"
  },
  "color_id": {
    "$oid": "65300fbdc0a592fd3d085852"
  },
  "price": 300000,
  "discount": 1,
  "final": 297000,
  "status": true,
  "best_seller": false,
  "image": "1697914466492MacBook Air 15.png",
  "createdAt": {
    "$date": "2023-10-21T18:54:18.955Z"
  },
  "updatedAt": {
    "$date": "2023-10-21T18:54:18.955Z"
  },
  "__v": 0
},
{
  "_id": {
    "$oid": "65341f02157c255f90da7fcf"
  },
  "name": "imac",
  "slug": "imac",
  "category_id": {
    "$oid": "652ffc4fc0a592fd3d085831"
  },
  "color_id": {
    "$oid": "65300fcec0a592fd3d085854"
  },
  "price": 20000,
  "discount": 1,
  "final": 19800,
  "status": true,
  "best_seller": false,
  "image": "1697990766088premium_photo.avif",
  "createdAt": {
    "$date": "2023-10-21T18:57:06.870Z"
  },
  "updatedAt": {
    "$date": "2023-10-22T16:05:57.949Z"
  },
  "__v": 0
},
{
  "_id": {
    "$oid": "65341f31157c255f90da7fd1"
  },
  "name": "ipad",
  "slug": "ipad",
  "category_id": {
    "$oid": "652ffc77c0a592fd3d085833"
  },
  "color_id": {
    "$oid": "65300fbdc0a592fd3d085852"
  },
  "price": 20000,
  "discount": 2,
  "final": 19600,
  "status": true,
  "best_seller": false,
  "image": "1697990779130maury-page-QeJ943yEd1E-unsplash.jpg",
  "createdAt": {
    "$date": "2023-10-21T18:57:53.271Z"
  },
  "updatedAt": {
    "$date": "2023-10-22T16:06:15.413Z"
  },
  "__v": 0
},
{
  "_id": {
    "$oid": "65341f61157c255f90da7fd6"
  },
  "name": "appleipad",
  "slug": "appleipad",
  "category_id": {
    "$oid": "652ffc77c0a592fd3d085833"
  },
  "color_id": {
    "$oid": "65300fbdc0a592fd3d085852"
  },
  "price": 150000,
  "discount": 50,
  "final": 75000,
  "status": true,
  "best_seller": false,
  "image": "1697990800738dose-media.jpg",
  "createdAt": {
    "$date": "2023-10-21T18:58:41.847Z"
  },
  "updatedAt": {
    "$date": "2023-10-22T16:06:36.082Z"
  },
  "__v": 0
},
{
  "_id": {
    "$oid": "65342068157c255f90da7fdb"
  },
  "name": "Air ipad",
  "slug": "air-ipad",
  "category_id": {
    "$oid": "652ffc77c0a592fd3d085833"
  },
  "color_id": {
    "$oid": "65300fe8c0a592fd3d085858"
  },
  "price": 50000,
  "discount": 40,
  "final": 30000,
  "status": true,
  "best_seller": false,
  "image": "1697991198038francois-hoang-.jpg",
  "createdAt": {
    "$date": "2023-10-21T19:03:04.404Z"
  },
  "updatedAt": {
    "$date": "2023-10-22T16:13:09.513Z"
  },
  "__v": 0
},
{
  "_id": {
    "$oid": "65342088157c255f90da7fdd"
  },
  "name": "Air mini ipad",
  "slug": "air-mini-ipad",
  "category_id": {
    "$oid": "652ffc77c0a592fd3d085833"
  },
  "color_id": {
    "$oid": "65300fe8c0a592fd3d085858"
  },
  "price": 20000,
  "discount": 10,
  "final": 18000,
  "status": true,
  "best_seller": false,
  "image": "1697991229369rahul-chakraborty.jpg",
  "createdAt": {
    "$date": "2023-10-21T19:03:36.694Z"
  },
  "updatedAt": {
    "$date": "2023-10-22T16:13:44.906Z"
  },
  "__v": 0
},
{
  "_id": {
    "$oid": "6534214b157c255f90da7fe2"
  },
  "name": "Airpods",
  "slug": "airpods",
  "category_id": {
    "$oid": "652ffce3c0a592fd3d085839"
  },
  "color_id": {
    "$oid": "65300fdac0a592fd3d085856"
  },
  "price": 52000,
  "discount": 80,
  "final": 10400,
  "status": true,
  "best_seller": false,
  "image": "1697915211889AirPoads.png",
  "createdAt": {
    "$date": "2023-10-21T19:06:51.395Z"
  },
  "updatedAt": {
    "$date": "2023-10-21T19:06:51.395Z"
  },
  "__v": 0
},
{
  "_id": {
    "$oid": "6534216b157c255f90da7fe4"
  },
  "name": "Airpods Pro",
  "slug": "airpods-pro",
  "category_id": {
    "$oid": "652ffce3c0a592fd3d085839"
  },
  "color_id": {
    "$oid": "65300fe8c0a592fd3d085858"
  },
  "price": 30000,
  "discount": 50,
  "final": 15000,
  "status": true,
  "best_seller": false,
  "image": "1697915247011airpods_pro_.png",
  "createdAt": {
    "$date": "2023-10-21T19:07:23.048Z"
  },
  "updatedAt": {
    "$date": "2023-10-21T19:07:23.048Z"
  },
  "__v": 0
},
{
  "_id": {
    "$oid": "6534219a157c255f90da7fe6"
  },
  "name": "Air Poads 2",
  "slug": "air-poads-2",
  "category_id": {
    "$oid": "652ffce3c0a592fd3d085839"
  },
  "color_id": {
    "$oid": "65300fe8c0a592fd3d085858"
  },
  "price": 5000,
  "discount": 0,
  "final": 5000,
  "status": true,
  "best_seller": false,
  "image": "1697915294905ipad.jpeg",
  "createdAt": {
    "$date": "2023-10-21T19:08:10.752Z"
  },
  "updatedAt": {
    "$date": "2023-10-21T19:08:10.752Z"
  },
  "__v": 0
},
{
  "_id": {
    "$oid": "6535461371209047321af187"
  },
  "name": "Tv apple",
  "slug": "tv-apple",
  "category_id": {
    "$oid": "653286976220df249f3efa8f"
  },
  "color_id": {
    "$oid": "65300fe8c0a592fd3d085858"
  },
  "price": 100000,
  "discount": 20,
  "final": 80000,
  "status": true,
  "best_seller": false,
  "image": "1697990171848TV2.jpg",
  "createdAt": {
    "$date": "2023-10-22T15:56:03.194Z"
  },
  "updatedAt": {
    "$date": "2023-10-22T15:56:03.194Z"
  },
  "__v": 0
},
{
  "_id": {
    "$oid": "6535462e71209047321af189"
  },
  "name": "Apple TV",
  "slug": "apple-tv",
  "category_id": {
    "$oid": "653286976220df249f3efa8f"
  },
  "color_id": {
    "$oid": "65300fdac0a592fd3d085856"
  },
  "price": 1220000,
  "discount": 50,
  "final": 610000,
  "status": true,
  "best_seller": false,
  "image": "1697990191719TV1.jpg",
  "createdAt": {
    "$date": "2023-10-22T15:56:30.539Z"
  },
  "updatedAt": {
    "$date": "2023-10-22T15:56:30.539Z"
  },
  "__v": 0
},
{
  "_id": {
    "$oid": "65354b7171209047321af1ca"
  },
  "name": "itv",
  "slug": "itv",
  "category_id": {
    "$oid": "653286976220df249f3efa8f"
  },
  "color_id": {
    "$oid": "65300fe8c0a592fd3d085858"
  },
  "price": 10202,
  "discount": 20,
  "final": 8161.6,
  "status": true,
  "best_seller": false,
  "image": "1697991573690james-yarema.jpg",
  "createdAt": {
    "$date": "2023-10-22T16:18:57.834Z"
  },
  "updatedAt": {
    "$date": "2023-10-22T16:19:31.759Z"
  },
  "__v": 0
},
{
  "_id": {
    "$oid": "65354d1271209047321af1d6"
  },
  "name": "alexandar-todov3",
  "slug": "alexandar-todov3",
  "category_id": {
    "$oid": "65340545bc54fb72d5b37ba7"
  },
  "color_id": {
    "$oid": "65300fe8c0a592fd3d085858"
  },
  "price": 100000,
  "discount": 10,
  "final": 90000,
  "status": true,
  "best_seller": false,
  "image": "1697991955442alexandar-todov3.jpg",
  "createdAt": {
    "$date": "2023-10-22T16:25:54.642Z"
  },
  "updatedAt": {
    "$date": "2023-10-22T16:25:54.642Z"
  },
  "__v": 0
},
{
  "_id": {
    "$oid": "65354d4571209047321af1da"
  },
  "name": "daniel-canibano5",
  "slug": "daniel-canibano5",
  "category_id": {
    "$oid": "65340545bc54fb72d5b37ba7"
  },
  "color_id": {
    "$oid": "65300fdac0a592fd3d085856"
  },
  "price": 5000,
  "discount": 0,
  "final": 5000,
  "status": true,
  "best_seller": false,
  "image": "1697992013003daniel-canibano5.jpg",
  "createdAt": {
    "$date": "2023-10-22T16:26:45.977Z"
  },
  "updatedAt": {
    "$date": "2023-10-22T16:26:45.977Z"
  },
  "__v": 0
},
{
  "_id": {
    "$oid": "65354d5f71209047321af1dc"
  },
  "name": "xiong-yan-lwaw14",
  "slug": "xiong-yan-lwaw14",
  "category_id": {
    "$oid": "65340545bc54fb72d5b37ba7"
  },
  "color_id": {
    "$oid": "65300fbdc0a592fd3d085852"
  },
  "price": 100000,
  "discount": 0,
  "final": 100000,
  "status": true,
  "best_seller": false,
  "image": "1697992041572xiong-yan-lwaw14.jpg",
  "createdAt": {
    "$date": "2023-10-22T16:27:11.946Z"
  },
  "updatedAt": {
    "$date": "2023-10-22T16:27:11.946Z"
  },
  "__v": 0
},
{
  "_id": {
    "$oid": "6536013b71209047321af235"
  },
  "name": "rahadiansyah-12",
  "slug": "rahadiansyah-12",
  "category_id": {
    "$oid": "65340545bc54fb72d5b37ba7"
  },
  "color_id": {
    "$oid": "65300fe8c0a592fd3d085858"
  },
  "price": 100000,
  "discount": 10,
  "final": 90000,
  "status": true,
  "best_seller": false,
  "image": "1698038083677rahadiansyah-12.jpg",
  "createdAt": {
    "$date": "2023-10-23T05:14:35.905Z"
  },
  "updatedAt": {
    "$date": "2023-10-23T05:14:35.905Z"
  },
  "__v": 0
}]